CGATA	614_f_10
CGGCG	614_f_21
CTAGG	614_f_23
CTGAA	614_f_24
GAAGC	614_f_25
GAGAT	614_f_302
GCATT	614_f_304
GCGCC	614_f_4
TAATG	614_f_51
TAGCA	614_f_54
TCAGA	614_f_56
TCGAG	614_f_57
TGACC	614_f_6
TGGTT	614_f_60
TTAAT	614_f_71
TTGGC	614_f_72
AAAAA	614_f_76
AAGGG	614_f_82
ACACG	614_f_86
ACGTA	614_f_90
AGAGT	614_m_10
AGGAC	614_m_12
ATATC	614_m_13
ATGCT	614_m_14
ATTAG	614_m_155
ATCGA	614_m_156
GTTGT	614_m_16
GTCAC	614_m_17
GGTTC	614_m_19
GGCCT	614_m_2
GCTAA	614_m_22
GCCGG	614_m_221
CTTCC	614_m_222
CTCTT	614_m_223
CGTAT	614_m_24
CGCGC	614_m_25
CCTTG	614_m_26
CCCCA	614_m_310
CATGA	614_m_311
CACAG	614_m_341
GGAAG	614_m_342
GGGGA	614_m_344
GTACA	614_m_350
GTGTG	614_m_46
AACCC	614_m_49
AATTT	614_m_5
ACCAT	614_m_66
ACTGC	614_m_8
CAACT	614_fem_6-11-15
CAGTC	614_male_6-11-15
CCAAC	210_fem_6-11-15
CCGGT	210_male_6-11-15
